{"cameraMode":{"drawMode":0,"name":"Shaded","section":"Shading Mode"},"sceneLighting":true,"audioPlay":false,"sceneViewState":{"showFog":true,"showMaterialUpdate":false,"showSkybox":true,"showFlares":true,"showImageEffects":true,"showParticleSystems":true},"in2DMode":false,"pivot":{"x":-13.458988189697266,"y":6.630940914154053,"z":4.633004665374756},"rotation":{"x":-0.20858179032802583,"y":0.7909765839576721,"z":-0.39091184735298159,"w":-0.42208653688430788},"size":1.307483196258545,"orthographic":false}